<metadata xml:lang="fr"><Esri><CreaDate>20151130</CreaDate><CreaTime>10581000</CreaTime><ArcGISFormat>1.0</ArcGISFormat><ArcGISstyle>INSPIRE Metadata Directive</ArcGISstyle><SyncOnce>FALSE</SyncOnce><DataProperties><lineage><Process ToolSource="c:\program files (x86)\arcgis\desktop10.2\ArcToolbox\Toolboxes\Data Management Tools.tbx\CreateFeatureclass" Date="20151130" Time="105810">CreateFeatureclass D:\UA2012\RELIVRAISON\MODELE_GDB_NEW.gdb\JCE Boundary2012 POLYGON \\ua2012\ua2012\Lien_vers_hd6\20_LIVRAISONS\LIVRAISON_20151124\FR042L2_DUNKERQUE\FR042L2_DUNKERQUE.gdb\FR042L2_DUNKERQUE\Boundary2012_FR042L2_DUNKERQUE DISABLED DISABLED "PROJCS['ETRS_1989_LAEA',GEOGCS['GCS_ETRS_1989',DATUM['D_ETRS_1989',SPHEROID['GRS_1980',6378137.0,298.257222101]],PRIMEM['Greenwich',0.0],UNIT['Degree',0.0174532925199433]],PROJECTION['Lambert_Azimuthal_Equal_Area'],PARAMETER['False_Easting',4321000.0],PARAMETER['False_Northing',3210000.0],PARAMETER['Central_Meridian',10.0],PARAMETER['Latitude_Of_Origin',52.0],UNIT['Meter',1.0]];-8426600 -9526700 10000;-100000 10000;-100000 10000;0.001;0.001;0.001;IsHighPrecision" # 0 0 0</Process><Process Name="Classe d’entités vers classe d’entités" ToolSource="c:\program files (x86)\arcgis\desktop10.1\ArcToolbox\Toolboxes\Conversion Tools.tbx\FeatureClassToFeatureClass" Date="20151207" Time="122949">FeatureClassToFeatureClass D:\UA2012\RELIVRAISON\MODELE_GDB_REVISION_EXTENSION.gdb\JCE\Boundary2012 D:\UA2012\RELIVRAISON\FUA_2006_2012\_lot4\EL001L1_Athina\RELIVRAISON\EL001L1_ATHINA_topo.gdb\EL001L1_ATHINA Boundary2012_EL001L1_ATHINA_V1 # "COUNTRY "COUNTRY" true true false 50 Text 0 0 ,First,#,D:\UA2012\RELIVRAISON\MODELE_GDB_REVISION_EXTENSION.gdb\JCE\Boundary2012,COUNTRY,-1,-1;CITIES "CITIES" true true false 254 Text 0 0 ,First,#,D:\UA2012\RELIVRAISON\MODELE_GDB_REVISION_EXTENSION.gdb\JCE\Boundary2012,CITIES,-1,-1;FUA_OR_CIT "FUA_OR_CIT" true true false 254 Text 0 0 ,First,#,D:\UA2012\RELIVRAISON\MODELE_GDB_REVISION_EXTENSION.gdb\JCE\Boundary2012,FUA_OR_CIT,-1,-1;Shape_Length "Shape_Length" false true true 8 Double 0 0 ,First,#,D:\UA2012\RELIVRAISON\MODELE_GDB_REVISION_EXTENSION.gdb\JCE\Boundary2012,Shape_Length,-1,-1;Shape_Area "Shape_Area" false true true 8 Double 0 0 ,First,#,D:\UA2012\RELIVRAISON\MODELE_GDB_REVISION_EXTENSION.gdb\JCE\Boundary2012,Shape_Area,-1,-1" #</Process><Process Name="Ajouter" ToolSource="c:\program files (x86)\arcgis\desktop10.1\ArcToolbox\Toolboxes\Data Management Tools.tbx\Append" Date="20151207" Time="122949">Append D:\UA2012\RELIVRAISON\FUA_2006_2012\_lot4\EL001L1_Athina\EL001L1_Athina.gdb\EL001L1_Athina\Boundary2012_EL001L1_Athina D:\UA2012\RELIVRAISON\FUA_2006_2012\_lot4\EL001L1_Athina\RELIVRAISON\EL001L1_ATHINA_topo.gdb\EL001L1_ATHINA\Boundary2012_EL001L1_ATHINA_V1 NO_TEST "COUNTRY "COUNTRY" true true false 50 Text 0 0 ,First,#,D:\UA2012\RELIVRAISON\FUA_2006_2012\_lot4\EL001L1_Athina\EL001L1_Athina.gdb\EL001L1_Athina\Boundary2012_EL001L1_Athina,COUNTRY,-1,-1;CITIES "CITIES" true true false 254 Text 0 0 ,First,#,D:\UA2012\RELIVRAISON\FUA_2006_2012\_lot4\EL001L1_Athina\EL001L1_Athina.gdb\EL001L1_Athina\Boundary2012_EL001L1_Athina,CITIES,-1,-1;FUA_OR_CIT "FUA_OR_CIT" true true false 254 Text 0 0 ,First,#;Shape_Length "Shape_Length" false true true 8 Double 0 0 ,First,#,D:\UA2012\RELIVRAISON\FUA_2006_2012\_lot4\EL001L1_Athina\EL001L1_Athina.gdb\EL001L1_Athina\Boundary2012_EL001L1_Athina,Shape_Length,-1,-1;Shape_Area "Shape_Area" false true true 8 Double 0 0 ,First,#,D:\UA2012\RELIVRAISON\FUA_2006_2012\_lot4\EL001L1_Athina\EL001L1_Athina.gdb\EL001L1_Athina\Boundary2012_EL001L1_Athina,Shape_Area,-1,-1" #</Process><Process Name="Réparer les géométries" ToolSource="c:\program files (x86)\arcgis\desktop10.1\ArcToolbox\Toolboxes\Data Management Tools.tbx\RepairGeometry" Date="20151207" Time="122949">RepairGeometry D:\UA2012\RELIVRAISON\FUA_2006_2012\_lot4\EL001L1_Athina\RELIVRAISON\EL001L1_ATHINA_topo.gdb\EL001L1_ATHINA\Boundary2012_EL001L1_ATHINA_V1 DELETE_NULL</Process><Process Name="Fusionner" ToolSource="c:\program files (x86)\arcgis\desktop10.1\ArcToolbox\Toolboxes\Data Management Tools.tbx\Dissolve" Date="20151207" Time="122949">Dissolve D:\UA2012\RELIVRAISON\FUA_2006_2012\_lot4\EL001L1_Athina\RELIVRAISON\EL001L1_ATHINA_topo.gdb\EL001L1_ATHINA\Boundary2012_EL001L1_ATHINA_V1 D:\UA2012\RELIVRAISON\FUA_2006_2012\_lot4\EL001L1_Athina\RELIVRAISON\EL001L1_ATHINA_topo.gdb\EL001L1_ATHINA\Boundary2012_EL001L1_ATHINA COUNTRY;CITIES;FUA_OR_CIT # MULTI_PART DISSOLVE_LINES</Process><Process Name="Calculer un champ" ToolSource="c:\program files (x86)\arcgis\desktop10.1\ArcToolbox\Toolboxes\Data Management Tools.tbx\CalculateField" Date="20151207" Time="122950">CalculateField D:\UA2012\RELIVRAISON\FUA_2006_2012\_lot4\EL001L1_Athina\RELIVRAISON\EL001L1_ATHINA_topo.gdb\EL001L1_ATHINA\Boundary2012_EL001L1_ATHINA COUNTRY "EL" VB #</Process><Process Name="Calculer un champ (2)" ToolSource="c:\program files (x86)\arcgis\desktop10.1\ArcToolbox\Toolboxes\Data Management Tools.tbx\CalculateField" Date="20151207" Time="122950">CalculateField D:\UA2012\RELIVRAISON\FUA_2006_2012\_lot4\EL001L1_Athina\RELIVRAISON\EL001L1_ATHINA_topo.gdb\EL001L1_ATHINA\Boundary2012_EL001L1_ATHINA CITIES "Athina" VB #</Process><Process Name="Calculer un champ (3)" ToolSource="c:\program files (x86)\arcgis\desktop10.1\ArcToolbox\Toolboxes\Data Management Tools.tbx\CalculateField" Date="20151207" Time="122950">CalculateField D:\UA2012\RELIVRAISON\FUA_2006_2012\_lot4\EL001L1_Athina\RELIVRAISON\EL001L1_ATHINA_topo.gdb\EL001L1_ATHINA\Boundary2012_EL001L1_ATHINA FUA_OR_CIT "EL001L1" VB #</Process><Process Name="Classe d’entités vers classe d’entités (8)" ToolSource="c:\program files (x86)\arcgis\desktop10.1\ArcToolbox\Toolboxes\Conversion Tools.tbx\FeatureClassToFeatureClass" Date="20151207" Time="122951">FeatureClassToFeatureClass D:\UA2012\RELIVRAISON\FUA_2006_2012\_lot4\EL001L1_Athina\RELIVRAISON\EL001L1_ATHINA_topo.gdb\EL001L1_ATHINA\Boundary2012_EL001L1_ATHINA D:\UA2012\RELIVRAISON\FUA_2006_2012\_lot4\EL001L1_Athina\RELIVRAISON\EL001L1_ATHINA.gdb\EL001L1_ATHINA Boundary2012_EL001L1_ATHINA # "COUNTRY "COUNTRY" true true false 50 Text 0 0 ,First,#,D:\UA2012\RELIVRAISON\FUA_2006_2012\_lot4\EL001L1_Athina\RELIVRAISON\EL001L1_ATHINA_topo.gdb\EL001L1_ATHINA\Boundary2012_EL001L1_ATHINA,COUNTRY,-1,-1;CITIES "CITIES" true true false 254 Text 0 0 ,First,#,D:\UA2012\RELIVRAISON\FUA_2006_2012\_lot4\EL001L1_Athina\RELIVRAISON\EL001L1_ATHINA_topo.gdb\EL001L1_ATHINA\Boundary2012_EL001L1_ATHINA,CITIES,-1,-1;FUA_OR_CIT "FUA_OR_CIT" true true false 254 Text 0 0 ,First,#,D:\UA2012\RELIVRAISON\FUA_2006_2012\_lot4\EL001L1_Athina\RELIVRAISON\EL001L1_ATHINA_topo.gdb\EL001L1_ATHINA\Boundary2012_EL001L1_ATHINA,FUA_OR_CIT,-1,-1" #</Process><Process ToolSource="c:\program files (x86)\arcgis\desktop10.5\ArcToolbox\Toolboxes\Data Management Tools.tbx\CopyFeatures" Date="20180716" Time="180945">CopyFeatures F:\UA_Redel_2017\InputFolder\LatestFUA\CompiledFUAs\EL001L1_ATHINA\EL001L1_ATHINA.gdb\Boundary2012_EL001L1_ATHINA F:\UA_Redel_2017\SO\Boundary2012_EL001L1_ATHINA.shp # 0 0 0</Process></lineage><itemProps><itemName Sync="TRUE">Boundary2012_EL001L1_ATHINA</itemName><itemLocation><linkage Sync="TRUE">file://\\EEAPC9207\F$\UA_Redel_2017\SO\Boundary2012_EL001L1_ATHINA.shp</linkage><protocol Sync="TRUE">Local Area Network</protocol></itemLocation><imsContentType Sync="TRUE">002</imsContentType><nativeExtBox><westBL Sync="TRUE">5472934.616600</westBL><eastBL Sync="TRUE">5563840.962900</eastBL><southBL Sync="TRUE">1711084.457500</southBL><northBL Sync="TRUE">1804127.179800</northBL><exTypeCode Sync="TRUE">1</exTypeCode></nativeExtBox><itemSize Sync="TRUE">0.000</itemSize></itemProps><coordRef><type Sync="TRUE">Projected</type><geogcsn Sync="TRUE">GCS_ETRS_1989</geogcsn><csUnits Sync="TRUE">Linear Unit: Meter (1.000000)</csUnits><projcsn Sync="TRUE">ETRS_1989_LAEA</projcsn><peXml Sync="TRUE">&lt;ProjectedCoordinateSystem xsi:type='typens:ProjectedCoordinateSystem' xmlns:xsi='http://www.w3.org/2001/XMLSchema-instance' xmlns:xs='http://www.w3.org/2001/XMLSchema' xmlns:typens='http://www.esri.com/schemas/ArcGIS/10.5'&gt;&lt;WKT&gt;PROJCS[&amp;quot;ETRS_1989_LAEA&amp;quot;,GEOGCS[&amp;quot;GCS_ETRS_1989&amp;quot;,DATUM[&amp;quot;D_ETRS_1989&amp;quot;,SPHEROID[&amp;quot;GRS_1980&amp;quot;,6378137.0,298.257222101]],PRIMEM[&amp;quot;Greenwich&amp;quot;,0.0],UNIT[&amp;quot;Degree&amp;quot;,0.0174532925199433]],PROJECTION[&amp;quot;Lambert_Azimuthal_Equal_Area&amp;quot;],PARAMETER[&amp;quot;False_Easting&amp;quot;,4321000.0],PARAMETER[&amp;quot;False_Northing&amp;quot;,3210000.0],PARAMETER[&amp;quot;Central_Meridian&amp;quot;,10.0],PARAMETER[&amp;quot;Latitude_Of_Origin&amp;quot;,52.0],UNIT[&amp;quot;Meter&amp;quot;,1.0],AUTHORITY[&amp;quot;EPSG&amp;quot;,3035]]&lt;/WKT&gt;&lt;XOrigin&gt;-8426600&lt;/XOrigin&gt;&lt;YOrigin&gt;-9526700&lt;/YOrigin&gt;&lt;XYScale&gt;353290001.83332509&lt;/XYScale&gt;&lt;ZOrigin&gt;-100000&lt;/ZOrigin&gt;&lt;ZScale&gt;10000&lt;/ZScale&gt;&lt;MOrigin&gt;-100000&lt;/MOrigin&gt;&lt;MScale&gt;10000&lt;/MScale&gt;&lt;XYTolerance&gt;0.001&lt;/XYTolerance&gt;&lt;ZTolerance&gt;0.001&lt;/ZTolerance&gt;&lt;MTolerance&gt;0.001&lt;/MTolerance&gt;&lt;HighPrecision&gt;true&lt;/HighPrecision&gt;&lt;WKID&gt;3035&lt;/WKID&gt;&lt;LatestWKID&gt;3035&lt;/LatestWKID&gt;&lt;/ProjectedCoordinateSystem&gt;</peXml></coordRef></DataProperties><SyncDate>20180716</SyncDate><SyncTime>18094400</SyncTime><ModDate>20180716</ModDate><ModTime>18094400</ModTime></Esri><eainfo><detailed Name="Boundary2012_EL001L1_ATHINA"><enttyp><enttypl Sync="TRUE">Boundary2012_EL001L1_ATHINA</enttypl><enttypt Sync="TRUE">Feature Class</enttypt><enttypc Sync="TRUE">0</enttypc></enttyp><attr><attrlabl Sync="TRUE">FID</attrlabl><attalias Sync="TRUE">FID</attalias><attrtype Sync="TRUE">OID</attrtype><attwidth Sync="TRUE">4</attwidth><atprecis Sync="TRUE">0</atprecis><attscale Sync="TRUE">0</attscale><attrdef Sync="TRUE">Internal feature number.</attrdef><attrdefs Sync="TRUE">Esri</attrdefs><attrdomv><udom Sync="TRUE">Sequential unique whole numbers that are automatically generated.</udom></attrdomv></attr><attr><attrlabl Sync="TRUE">Shape</attrlabl><attalias Sync="TRUE">Shape</attalias><attrtype Sync="TRUE">Geometry</attrtype><attwidth Sync="TRUE">0</attwidth><atprecis Sync="TRUE">0</atprecis><attscale Sync="TRUE">0</attscale><attrdef Sync="TRUE">Feature geometry.</attrdef><attrdefs Sync="TRUE">Esri</attrdefs><attrdomv><udom Sync="TRUE">Coordinates defining the features.</udom></attrdomv></attr><attr><attrlabl Sync="TRUE">COUNTRY</attrlabl><attalias Sync="TRUE">COUNTRY</attalias><attrtype Sync="TRUE">String</attrtype><attwidth Sync="TRUE">50</attwidth><atprecis Sync="TRUE">0</atprecis><attscale Sync="TRUE">0</attscale></attr><attr><attrlabl Sync="TRUE">CITIES</attrlabl><attalias Sync="TRUE">CITIES</attalias><attrtype Sync="TRUE">String</attrtype><attwidth Sync="TRUE">254</attwidth><atprecis Sync="TRUE">0</atprecis><attscale Sync="TRUE">0</attscale></attr><attr><attrlabl Sync="TRUE">FUA_OR_CIT</attrlabl><attalias Sync="TRUE">FUA_OR_CIT</attalias><attrtype Sync="TRUE">String</attrtype><attwidth Sync="TRUE">254</attwidth><atprecis Sync="TRUE">0</atprecis><attscale Sync="TRUE">0</attscale></attr><attr><attrlabl Sync="TRUE">Shape_Leng</attrlabl><attalias Sync="TRUE">Shape_Leng</attalias><attrtype Sync="TRUE">Double</attrtype><attwidth Sync="TRUE">19</attwidth><atprecis Sync="TRUE">0</atprecis><attscale Sync="TRUE">0</attscale></attr><attr><attrlabl Sync="TRUE">Shape_Area</attrlabl><attalias Sync="TRUE">Shape_Area</attalias><attrtype Sync="TRUE">Double</attrtype><attwidth Sync="TRUE">19</attwidth><atprecis Sync="TRUE">0</atprecis><attscale Sync="TRUE">0</attscale><attrdef Sync="TRUE">Area of feature in internal units squared.</attrdef><attrdefs Sync="TRUE">Esri</attrdefs><attrdomv><udom Sync="TRUE">Positive real numbers that are automatically generated.</udom></attrdomv></attr></detailed></eainfo><mdLang><languageCode value="fre"/><countryCode value="GBR" Sync="TRUE"></countryCode></mdLang><mdChar><CharSetCd value="004"/></mdChar><mdHrLv><ScopeCd value="005"/></mdHrLv><mdHrLvName Sync="TRUE">dataset</mdHrLvName><mdDateSt Sync="TRUE">20180716</mdDateSt><mdStanName>ArcGIS Metadata</mdStanName><mdStanVer>1.0</mdStanVer><distInfo><distFormat><formatName Sync="TRUE">Shapefile</formatName><formatVer>unknown</formatVer></distFormat><distTranOps><transSize Sync="TRUE">0.000</transSize></distTranOps></distInfo><dataIdInfo><idCitation><resTitle Sync="TRUE">Boundary2012_EL001L1_ATHINA</resTitle><presForm><PresFormCd value="005"/></presForm></idCitation><idAbs>Boundary of Functional Urban Area - ATHINA - EL</idAbs><resConst><LegConsts><othConsts>no limitations on public access</othConsts></LegConsts></resConst><resConst><Consts><useLimit>no conditions apply to access and use</useLimit></Consts></resConst><spatRpType><SpatRepTypCd value="001"/></spatRpType><dataLang><languageCode value="fre"/><countryCode value="GBR" Sync="TRUE"></countryCode></dataLang><dataChar><CharSetCd value="004"/></dataChar><envirDesc Sync="TRUE">Microsoft Windows 7 Version 6.1 (Build 7601) Service Pack 1; Esri ArcGIS 10.5.0.6491</envirDesc><dataExt><geoEle><GeoBndBox><exTypeCode>true</exTypeCode><westBL>-0.904745</westBL><eastBL>-0.560088</eastBL><southBL>51.951192</southBL><northBL>52.202638</northBL></GeoBndBox></geoEle></dataExt><dataExt><geoEle><GeoBndBox><exTypeCode>true</exTypeCode><westBL>23.014157</westBL><eastBL>24.197214</eastBL><southBL>37.447634</southBL><northBL>38.423141</northBL></GeoBndBox></geoEle></dataExt><dataExt><geoEle><GeoBndBox><exTypeCode>true</exTypeCode><westBL>16.785943</westBL><eastBL>17.595565</eastBL><southBL>47.984144</southBL><northBL>48.683021</northBL></GeoBndBox></geoEle></dataExt><dataExt><geoEle><GeoBndBox esriExtentType="search"><exTypeCode Sync="TRUE">1</exTypeCode><westBL Sync="TRUE">23.014157</westBL><eastBL Sync="TRUE">24.197214</eastBL><northBL Sync="TRUE">38.423141</northBL><southBL Sync="TRUE">37.447634</southBL></GeoBndBox></geoEle></dataExt></dataIdInfo><spatRepInfo><VectSpatRep><geometObjs Name="Boundary2012_EL001L1_ATHINA"><geoObjTyp><GeoObjTypCd value="002" Sync="TRUE"></GeoObjTypCd></geoObjTyp><geoObjCnt Sync="TRUE">0</geoObjCnt></geometObjs><topLvl><TopoLevCd value="001" Sync="TRUE"></TopoLevCd></topLvl></VectSpatRep></spatRepInfo><refSysInfo><RefSystem><refSysID><identCode code="3035"/><idCodeSpace Sync="TRUE">EPSG</idCodeSpace><idVersion Sync="TRUE">8.1(9.0.0)</idVersion></refSysID></RefSystem></refSysInfo><spdoinfo><ptvctinf><esriterm Name="Boundary2012_EL001L1_ATHINA"><efeatyp Sync="TRUE">Simple</efeatyp><efeageom code="4" Sync="TRUE"></efeageom><esritopo Sync="TRUE">FALSE</esritopo><efeacnt Sync="TRUE">0</efeacnt><spindex Sync="TRUE">FALSE</spindex><linrefer Sync="TRUE">FALSE</linrefer></esriterm></ptvctinf></spdoinfo></metadata>
